{
  "version": 1,
  "author": "Uri Shaked",
  "editor": "wokwi",
  "parts": [
    { "type": "wokwi-arduino-uno", "id": "uno", "top": -57, "left": -269.4, "attrs": {} },
    {
      "type": "wokwi-photoresistor-sensor",
      "id": "ldr2",
      "top": 31.8,
      "left": 122.8,
      "rotate": 180,
      "attrs": {}
    },
    {
      "type": "wokwi-led",
      "id": "led1",
      "top": -243.6,
      "left": -34.6,
      "attrs": { "color": "red" }
    },
    {
      "type": "wokwi-led",
      "id": "led2",
      "top": -214.8,
      "left": 80.6,
      "attrs": { "color": "limegreen" }
    },
    {
      "type": "wokwi-resistor",
      "id": "r1",
      "top": -169.4,
      "left": -48.85,
      "rotate": 270,
      "attrs": { "value": "1000" }
    },
    {
      "type": "wokwi-resistor",
      "id": "r2",
      "top": -101.65,
      "left": 28.8,
      "attrs": { "value": "1000" }
    },
    {
      "type": "wokwi-buzzer",
      "id": "bz1",
      "top": -148.5,
      "left": -252.3,
      "rotate": 270,
      "attrs": { "volume": "0.1" }
    },
    {
      "type": "wokwi-lcd1602",
      "id": "lcd1",
      "top": 188.8,
      "left": -272.8,
      "attrs": { "pins": "i2c" }
    }
  ],
  "connections": [
    [ "ldr2:AO", "uno:A1", "green", [ "v0.7", "h-184.9" ] ],
    [ "ldr2:GND", "uno:GND.3", "black", [ "h0" ] ],
    [ "ldr2:VCC", "uno:5V", "red", [ "h-172.8", "v67.3" ] ],
    [ "led2:C", "r2:2", "green", [ "v0" ] ],
    [ "led1:C", "r1:2", "green", [ "v0" ] ],
    [ "lcd1:GND", "uno:GND.2", "black", [ "h-38.4", "v-67.2", "h288" ] ],
    [ "lcd1:VCC", "uno:5V", "red", [ "h-28.8", "v-67.1", "h259.2" ] ],
    [ "lcd1:SDA", "uno:A4", "green", [ "h-19.2", "v-57.4", "h9.6" ] ],
    [ "lcd1:SCL", "uno:A5", "green", [ "h-48", "v-76.5", "h384" ] ],
    [ "led1:A", "uno:5", "green", [ "v124.8", "h-51.8" ] ],
    [ "led2:A", "uno:6", "green", [ "v86.4", "h-176.5" ] ],
    [ "bz1:2", "uno:7", "red", [ "h96", "v58" ] ],
    [ "r2:1", "uno:GND.1", "green", [ "v0", "h-182.4" ] ],
    [ "bz1:1", "uno:GND.1", "black", [ "h0" ] ],
    [ "r1:1", "uno:GND.1", "green", [ "h-134.4" ] ]
  ],
  "dependencies": {}
}